employee_id,first_name,last_name,email,salary
1,Andrew,Fisher,lori66@example.org,3118
2,Lauren,Herrera,gsaunders@example.net,3662
3,Marissa,Perry,erikjones@example.net,8921
4,Peter,Huerta,ortizryan@example.net,5421
5,Michael,Taylor,matthewscynthia@example.net,6883
6,Henry,Brooks,rodriguezkathryn@example.net,9087
7,Joseph,Ford,xsalazar@example.org,9699
8,Monica,Deleon,amanda08@example.com,8848
9,Deborah,Moore,pgray@example.com,3695
10,Rachel,Hanson,wrandall@example.net,3879
11,Kristine,Potter,michael21@example.org,6275
12,Jordan,Hernandez,colin29@example.org,8128
13,Pamela,Johnson,sjohnson@example.net,9176
14,Bill,Thomas,james28@example.org,6116
15,Tammy,Brown,xwelch@example.org,4281
16,Cody,Moreno,ronaldsoto@example.org,3513
17,Regina,Duke,timothy89@example.net,4026
18,Laura,Wilson,taylorchristine@example.com,6610
19,Bianca,Johns,nguyencaleb@example.com,3120
20,William,Tanner,hbrady@example.net,5974
21,Jason,Davis,rhondarowland@example.com,8980
22,Randy,Glover,lmunoz@example.com,5705
23,Brian,Lopez,dsmith@example.com,8380
24,Kevin,Montoya,david34@example.org,6468
25,Victor,Parrish,ronaldtaylor@example.org,8458
26,Shelley,Patton,gibbsdaniel@example.net,7865
27,Anthony,Brooks,tamaraolson@example.net,5315
28,Kevin,Williamson,rachel62@example.org,6142
29,Ashley,Obrien,nathaniel88@example.org,6551
30,William,Park,ihernandez@example.org,4674
31,Tyler,Lewis,patriciagarcia@example.com,7630
32,Paul,Stone,wsnyder@example.org,5712
33,Christopher,Chavez,stewartanna@example.net,4490
34,Hannah,Savage,kayleejohnson@example.com,9931
35,Shannon,Robertson,goulddavid@example.com,6383
36,Daniel,Abbott,zimmermanrebecca@example.com,9844
37,Stephanie,Garcia,nlucero@example.net,6959
38,Curtis,Stark,nbryant@example.org,4962
39,Gail,Rodriguez,bonillabenjamin@example.net,5467
40,Rachael,Dyer,thale@example.org,6670
41,Jacob,Shah,kathleen12@example.com,9050
42,Kimberly,Munoz,bsmith@example.com,4812
43,Matthew,Hughes,smithashley@example.net,4490
44,Emily,Cunningham,richardsonmichele@example.net,8056
45,Stephanie,Brown,jacksonstacie@example.org,6127
46,Vincent,Ramirez,ftate@example.net,5243
47,Kristen,Chavez,juliehughes@example.com,3387
48,Thomas,Hernandez,yburns@example.net,8885
49,Andrew,Leonard,colin00@example.net,5216
50,Timothy,Compton,williamsjulie@example.net,9542
51,Angela,Simon,morganmelanie@example.net,3258
52,Christopher,Wilson,powersjeffrey@example.net,4453
53,Kevin,Werner,zcolon@example.org,9985
54,Cameron,Baxter,christineporter@example.net,8183
55,Nancy,Carter,robertglass@example.com,5744
56,Kelly,Smith,matthew40@example.net,4670
57,Victoria,Mckenzie,williamskathleen@example.org,7253
58,Hector,Lawrence,melaniekim@example.com,4786
59,Joshua,Jacobs,jeffrey83@example.org,5436
60,Ashley,Esparza,fgardner@example.com,5130
61,John,Delacruz,ireese@example.org,6434
62,Kimberly,Lee,marquezjames@example.com,6891
63,Elizabeth,Jones,johnsonsarah@example.org,3833
64,Patricia,Dunn,brandon84@example.com,4174
65,Arthur,Payne,tina26@example.org,7686
66,Shawn,Gill,sarahbarron@example.com,9523
67,Kathryn,Miller,brendareed@example.org,6986
68,Harry,Gill,odavenport@example.net,5119
69,Crystal,Cain,steven45@example.com,9266
70,Joseph,Avery,clarkconnie@example.net,4743
71,Jacob,Mccullough,christophersmith@example.org,9377
72,Katie,Bishop,kwright@example.net,9598
73,Patricia,Arias,butlersteven@example.org,3353
74,Nancy,Howard,matthewclayton@example.net,6930
75,Travis,Gonzalez,lorrainebaker@example.com,6778
76,Jamie,Chandler,katherine96@example.net,6237
77,Raven,Jones,markfoster@example.com,6536
78,Eugene,Smith,tconner@example.net,9414
79,Bradley,Clarke,peter71@example.net,7353
80,Cynthia,Collins,gguzman@example.com,5971
81,Robert,Anderson,krodriguez@example.net,6732
82,Tanya,Steele,anthonybaker@example.net,5597
83,Diana,Daniel,sheilanelson@example.com,3424
84,Adam,Sampson,rsingh@example.com,9479
85,Katie,Ramsey,danielsalexander@example.net,9278
86,Mallory,Anderson,alvarezryan@example.com,3644
87,Ann,Rogers,joshuawatts@example.org,9561
88,Samantha,Rogers,gregorydyer@example.com,7935
89,Justin,Moore,matthewthompson@example.org,3221
90,Rebecca,Estrada,hubbardrichard@example.net,6535
91,Paige,Wallace,shammond@example.net,3315
92,Michelle,Boyd,hernandezstanley@example.com,6738
93,Karen,Wilcox,christopher31@example.org,8518
94,Alicia,Kline,staceydelgado@example.com,9700
95,Elizabeth,Velez,stanley41@example.net,9523
96,Emily,Phillips,zgarcia@example.net,3175
97,Juan,Beck,angela86@example.org,4468
98,Shawn,Barnes,bridget52@example.org,5604
99,Cheyenne,Garcia,robin81@example.org,4700
100,Jonathan,Taylor,boltonsteven@example.com,3435
